<?xml version="1.0" encoding="UTF-8"?>

<channel name="thunar" version="1.0">
  <property name="last-view" type="string" value="ThunarDetailsView"/>
  <property name="last-icon-view-zoom-level" type="string" value="THUNAR_ZOOM_LEVEL_100_PERCENT"/>
  <property name="last-window-width" type="int" value="948"/>
  <property name="last-window-height" type="int" value="1017"/>
  <property name="last-window-maximized" type="bool" value="false"/>
  <property name="last-separator-position" type="int" value="170"/>
  <property name="last-details-view-zoom-level" type="string" value="THUNAR_ZOOM_LEVEL_38_PERCENT"/>
  <property name="last-details-view-column-widths" type="string" value="50,136,50,50,417,50,50,72,50,152"/>
</channel>
