<?xml version="1.0" encoding="UTF-8"?>

<channel name="xfce4-power-manager" version="1.0">
  <property name="xfce4-power-manager" type="empty">
    <property name="power-button-action" type="empty"/>
    <property name="brightness-switch-restore-on-exit" type="int" value="1"/>
    <property name="brightness-switch" type="int" value="0"/>
    <property name="dpms-on-ac-sleep" type="uint" value="60"/>
    <property name="dpms-on-ac-off" type="uint" value="60"/>
    <property name="brightness-on-battery" type="uint" value="30"/>
    <property name="blank-on-battery" type="int" value="5"/>
    <property name="dpms-on-battery-sleep" type="uint" value="6"/>
    <property name="brightness-level-on-battery" type="uint" value="10"/>
    <property name="lock-screen-suspend-hibernate" type="bool" value="false"/>
  </property>
</channel>
